マイルストーン,マイルストーンの完了条件,設計ポイント,条件ID,実装レベル,何を実装するか,合格ライン（この数値を満たせば実装完了）,実装できていないと起きること,実装箇所,確認する画面,対応検証ID,仕様書の根拠,エビデンス,合否,実測値,判定者,判定日
M1 権限が作れる,顧客が自分で権限を作り、保存して再表示できる,A. 権限の単位と範囲,AC-05,MVP必須,会社／店舗の区分で、設定対象の画面を出し分ける,区分=会社で21カテゴリ、区分=店舗で23カテゴリが設定対象に出る,会社用・店舗用の権限を別々に作れない。機能の前提が崩れる,権限編集（区分の選択→権限内容）,権限編集（区分の切替）,T-03,§3.3 カテゴリ構成,T-03.png,,,,
M1 権限が作れる,顧客が自分で権限を作り、保存して再表示できる,A. 権限の単位と範囲,AC-06,品質必須,区分に該当しない画面を設定対象に出さない,会社で店舗専用6が出ない、店舗で会社専用4が出ない,会社の権限に店舗専用画面が出るなど、設定時に誤った選択肢を選べてしまう,権限編集（カテゴリの ctx 判定）,権限編集（権限内容）,T-03,§3.3,T-03.png,,,,
M1 権限が作れる,顧客が自分で権限を作り、保存して再表示できる,B. 権限をつくる,AC-07,MVP必須,権限の作成・保存・再表示が往復して壊れない,保存→再表示で欠落・反転=0件,設定した権限が保存されない。機能として成立しない,権限編集／roles・role_permissions,権限編集（保存→再表示）,S-04,§5.2 権限編集,S-04.png,,,,
M1 権限が作れる,顧客が自分で権限を作り、保存して再表示できる,B. 権限をつくる,AC-08,MVP必須,雛形（ベース）から差分で作れる。移植プリセットを候補に出す,ベース選択に4種（オーナー相当/本部管理/店長/従業員）＋プレーンが出る。エリア長は含まれない,27画面をゼロから設定することになり、実運用が回らない,権限編集①ベース選択,権限編集（＋権限を新規作成）,T-01,§5.2 / §7-H' エリア長を既定テンプレートにしない（2026-08-04）,T-01.png,,,,
M1 権限が作れる,顧客が自分で権限を作り、保存して再表示できる,B. 権限をつくる,AC-09,品質必須,ゼロから作る場合は全項目オフで始まる,プレーン選択時に許可=0件,意図せず開いた状態の権限ができる,権限編集（プレーン）,権限編集（プレーン選択時）,T-02,§5.2,T-02.png,,,,
M1 権限が作れる,顧客が自分で権限を作り、保存して再表示できる,A. 権限の単位と範囲,AC-12,品質必須,権限が未定義の画面は既定で塞ぐ（fail-closed）,新規追加した画面が全ロールで「なし」＝例外0件,今後追加される画面が全権限に開いた状態で出る,判定層の既定値,権限編集,T-02,§9 fail-closed,T-02.png,,,,
M1 権限が作れる,顧客が自分で権限を作り、保存して再表示できる,B. 権限をつくる,AC-33,MVP必須,導入時に推奨権限をまとめて登録できる（下書きの保存・破棄を含む）,権限テンプレートの適用で推奨4権限が権限一覧に登録される＝4件。一時保存→再訪で選択状態が一致、破棄で既定に戻る,導入時に権限を用意できず、導入作業そのものが始められない,権限テンプレート画面,権限テンプレート,T-04,§5.6 F-01 F-02 F-25,T-04.png,,,,
M2 制御が効く,作った権限どおりに画面が開く／開かない。直URLも塞がる,D. 制御が実際に効く,AC-10,MVP必須,許可した画面が開ける,見えるべき画面=100%開ける,必要な画面が開けず現場の業務が止まる,各画面の表示判定,全画面（各権限でログイン）,T-09〜T-14,§3.1 ①画面,T-09.png,,,,
M2 制御が効く,作った権限どおりに画面が開く／開かない。直URLも塞がる,D. 制御が実際に効く,AC-11,MVP必須,許可していない画面が開けない。メニュー非表示だけでなく直URLも塞ぐ,メニュー非表示かつ直URLでも開けない=100%,見せてはいけない画面が見える＝情報漏洩,コントローラの認可（メニュー生成だけでは不可）,全画面（直URLを含む）,T-09〜T-14,§9 誤って通す,T-09.png,,,,
M2 制御が効く,作った権限どおりに画面が開く／開かない。直URLも塞がる,D. 制御が実際に効く,AC-13,MVP必須,権限を最小にしてもログインでき、ランディングに着地する,全項目オフのロールでログインでき、開ける画面＝1（ダッシュボードのみ）。空白・エラー・ループ0件,権限を絞ると使えなくなる＝絞る運用そのものができない,ダッシュボード＝閲覧固定,ダッシュボード,T-14,§9 誤って塞ぐ,T-14.png,,,,
M2 制御が効く,作った権限どおりに画面が開く／開かない。直URLも塞がる,D. 制御が実際に効く,AC-21,MVP必須,設定変更が反映される（即時または再ログイン）,設定変更後、対象ユーザーの次の画面遷移または再ログインで反映される。無反映＝0件（どちらの方式かは記録する）,権限を変更しても効かない,権限のキャッシュ・セッション,全画面（変更後に遷移）,T-08,§8-6,T-08.png,,,,
M3 人に配れる,権限を人に割り当て、担当店舗を紐付けられる,C. 権限を人に適用する,AC-04,MVP必須,既存の全管理者に権限が割り当たる（移行漏れ0）,ロール未割当=0名,権限が付いていない管理者はログインしても何も見えない,移行処理,ユーザー割当,T-18 T-21,§4,ユーザー割当一覧のスクショ（未割当0名）,,,,
M3 人に配れる,権限を人に割り当て、担当店舗を紐付けられる,C. 権限を人に適用する,AC-14,MVP必須,1人1ロール。付け替えで前の権限が確実に外れる,割当編集で同時に選べる権限=1つ。付け替えで前の権限の画面=0件,前の権限が残り、想定外の画面が見えたままになる,割当編集／user_roles,割当編集,S-05 T-15,§3.5 / §7-H 1人1ロール（2026-08-03・暫定）,S-05.png,,,,
M3 人に配れる,権限を人に割り当て、担当店舗を紐付けられる,C. 権限を人に適用する,AC-15,品質必須,付け替えで既存権限が置き換わることを事前に明示する,登録済み/置換予告が該当行に表示=100%,付け替えで意図せず権限を剥奪してしまう,割当編集／一括割当のUI,割当編集／一括割当,T-15 T-16,§5.4 事故防止3点,T-15.png,,,,
M3 人に配れる,権限を人に割り当て、担当店舗を紐付けられる,C. 権限を人に適用する,AC-16,MVP必須,担当店舗を複数紐付けられる（人ごとに異なる範囲）,店長ベースで作った権限に2店舗を紐付けて保存できる,エリアマネージャーなど複数店舗を担当する権限が作れない,割当編集（store_ids）,割当編集（対象店舗）,S-05 T-11,§3.1④ / §7-B 担当店舗は割当側にのみ持たせる,S-05.png,,,,
M3 人に配れる,権限を人に割り当て、担当店舗を紐付けられる,C. 権限を人に適用する,AC-19,品質必須,店舗ロールで担当店舗が未設定の割当を検知する,担当店舗0件のまま保存できない、または警告が出る。無警告のまま保存できる＝0件,担当店舗が未設定のまま割り当てられ、何も見えない人ができる,割当編集のバリデーション,割当編集,T-18,§5.4,T-18.png,,,,
M4 既存顧客を壊さない,現行3権限と同じ動作のプリセットが用意され、移行漏れがない,E. 現行からの移植,AC-01,MVP必須,master と同じ動作をするプリセットを用意する,適用前後で見える画面の増減=0,既存の master 権限で見える画面が増減する。増えれば情報漏洩、減れば業務停止,移植プリセット,全画面（master でログイン）,S-06 T-21,§4 段階導入,適用前後の全メニュー スクショ2枚,,,,
M4 既存顧客を壊さない,現行3権限と同じ動作のプリセットが用意され、移行漏れがない,E. 現行からの移植,AC-02,MVP必須,manager と同じ動作をするプリセットを用意する,増減=0,既存の manager 権限で見える画面が増減する,移植プリセット,全画面（manager でログイン）,S-06 T-21,§4,適用前後の全メニュー スクショ2枚,,,,
M4 既存顧客を壊さない,現行3権限と同じ動作のプリセットが用意され、移行漏れがない,E. 現行からの移植,AC-03,MVP必須,shop_manager と同じ動作をするプリセットを用意する,増減=0,既存の shop_manager 権限で見える画面が増減する,移植プリセット,全画面（shop_manager でログイン）,S-06 T-21,§4,適用前後の全メニュー スクショ2枚,,,,
M5 事故らない,自分を締め出せない／一般権限で権限設定を触れない,F. 事故を防ぐ,AC-17,MVP必須,自分の権限から権限設定を外せない（自己ロックアウト防止）,権限設定を自ロールから外す操作でブロックまたは警告が出る。無警告で保存できる＝0件,管理者が自分を締め出し、復旧に開発対応が必要になる,権限編集の保存時チェック,権限編集,T-17,§9 自己ロックアウト,T-17.png,,,,
M5 事故らない,自分を締め出せない／一般権限で権限設定を触れない,F. 事故を防ぐ,AC-18,MVP必須,一般の権限で権限設定ページを開けない,店舗ロールで権限設定URL=ブロック,一般の権限で権限設定を書き換えられる＝権限機能全体が無意味になる,権限設定画面の認可,権限設定（直URL）,T-17,§9,T-17.png,,,,
M6 運用できる,設定を点検でき、指標をまとめて設定できる,G. 設定を点検できる,AC-20,品質必須,一覧の許可数が実際の設定と一致する,不一致=0件（5ロールで検証）,一覧の表示と実際の設定がズレ、確認を誤る,権限一覧の集計,権限一覧,T-05,§5.3 権限一覧,T-05.png,,,,
M6 運用できる,設定を点検でき、指標をまとめて設定できる,G. 設定を点検できる,AC-27,品質必須,権限編集はどの入口から入っても元の画面に戻る,4入口すべてで来た元に戻る（一覧/セルクリック/役割サマリ/割当編集）,修正のたびに元の場所へ辿り直すことになり、点検作業が重くなる,遷移の origin 保持,権限編集（4入口）,T-07,§5.6 F-06〜F-09,T-07.png,,,,
M6 運用できる,設定を点検でき、指標をまとめて設定できる,G. 設定を点検できる,AC-28,品質必須,役割サマリの割当人数が実態と一致する,6権限すべてで 表示N＝実保持者数（差分0）,割当人数の表示が実態とズレ、点検の判断を誤る,役割サマリの集計,役割サマリ,T-06,§5.4 役割サマリ,T-06.png,,,,
M6 運用できる,設定を点検でき、指標をまとめて設定できる,H. 指標とオーナー,AC-29,品質必須,指標をまとめて設定でき、他の権限に再利用できる,テンプレ適用の結果が定義と一致。保存した組み合わせを他権限で読込できる,権限ごとに指標を作り直すことになり運用負荷が高い,指標条件設定／マイテンプレート,指標条件設定／マイテンプレート,T-20,§5.5,T-20.png,,,,
M6 運用できる,設定を点検でき、指標をまとめて設定できる,H. 指標とオーナー,AC-30,品質必須,オーナー専用機能が読取専用・オーナー限定である,指標管理に編集UI（トグル／コピー／条件設定）が表示される＝0件。オーナー以外が付与先指定を実行できる＝0件,全権の設定が誤って変更される,オーナー操作,オーナー操作,T-20,§5.3 オーナー操作,T-20.png,,,,
M6 運用できる,設定を点検でき、指標をまとめて設定できる,G. 設定を点検できる,AC-31,推奨,一覧の表示絞り込みが次回も保持される,画面を離れて戻ったとき、列選択が離脱前と一致（スコープ別に保持）,点検のたびに表示条件を選び直すことになる（利便性）,localStorage,権限一覧,T-05,§5.3,T-05.png,,,,
M7 境界設計が守られている,動作テストで見えない設計の約束が実装で守られている,K. 境界設計を守る（動作テストでは検出できない）,K-01,MVP必須,権限はロール経由でのみ付与する（人に直接付けない）,ユーザー個別に権限内容を編集できるUI・APIが存在しない＝0件,人ごとに権限を作り込めてしまい、従業員数だけ設定が増殖して誰が何を見えるか把握できなくなる,割当はロールの選択のみ。role_permissions はユーザーに紐付けない,ユーザー割当／割当編集,T-24,§7-A 権限はロール経由で与える（人に直接付けない）,設計レビュー記録,,,,
M7 境界設計が守られている,動作テストで見えない設計の約束が実装で守られている,K. 境界設計を守る（動作テストでは検出できない）,K-02,MVP必須,区分とデータ範囲を独立した軸として実装する,店舗ロールでも担当店舗を全店・複数店に設定できる＝制約なし,「店舗ロール＝自店舗のみ」と固定され、エリアマネージャーや複数店舗所属が表現できない,user_roles.store_ids は区分と独立。区分でstore_idsを制限しない,割当編集（対象店舗）,T-24,§7-C 区分とデータ範囲は独立した別軸,設計レビュー記録,,,,
M7 境界設計が守られている,動作テストで見えない設計の約束が実装で守られている,K. 境界設計を守る（動作テストでは検出できない）,K-03,MVP必須,操作は登録・編集・削除を一体で扱う,権限の状態が なし／閲覧／操作 の3つ＝4つ目が存在しない,4状態に戻ると設定コストが跳ね上がり、顧客が使いこなせない,role_permissions.level は 0/1/2 のみ。削除専用フラグを作らない,権限編集（権限内容）,T-24,§7-D 操作＝登録・編集・削除を一体（削除を分けない） / §3.2,設計レビュー記録,,,,
M7 境界設計が守られている,動作テストで見えない設計の約束が実装で守られている,K. 境界設計を守る（動作テストでは検出できない）,K-04,MVP必須,機密ランクを画面に出さない,指標一覧・指標条件設定に機密度のバッジ・ラベルが表示されない＝0件,顧客が指標を選ぶたびにランクの妥当性を判断させることになる,sens は初期値の算出にのみ使用。UIに描画しない,指標一覧／指標条件設定,T-24,§7-E 機密ランクを画面に出さない,設計レビュー記録,,,,
M7 境界設計が守られている,動作テストで見えない設計の約束が実装で守られている,K. 境界設計を守る（動作テストでは検出できない）,K-05,MVP必須,会社指標を店舗ロールに付与できる（禁止しない）,店舗ロールの指標一覧で会社指標をONにできる（ハードブロック＝0件）。初期状態のON件数は 従業員=会社0／店長=会社8,ハードブロックすると「店長にも全社利益を見せたい」という顧客の運用方針を否定する,既定OFF＋管理者オプトイン。行スコープ遮断とは独立,指標一覧（会社タブ）,T-24,§7-F 会社指標を店舗ロールに出すことを禁止しない,設計レビュー記録,,,,
M7 境界設計が守られている,動作テストで見えない設計の約束が実装で守られている,K. 境界設計を守る（動作テストでは検出できない）,K-06,MVP必須,「含める」チェックを店舗選択と統合しない,一括割当で店舗を選んだだけでは権限が付与されない,誤クリックがそのまま権限付与になり、意図しない人に権限が渡る,含めるチェックを明示の安全装置として残す,一括割当,T-24,§7-G 「含める」チェックを店舗選択と統合しない,設計レビュー記録,,,,
M8 顧客価値に到達,顧客が求める権限（画面単位で表現できる範囲）が実際に作れる,I. 顧客価値に到達しているか,AC-22,MVP必須,画面単位で表現できる4シナリオの権限が作れる,SC-01経理／SC-02人事／SC-04バイトL／SC-06スタッフ の4件で ×（作れない）＝0件。△は過不足の内容を必ず記録,顧客が求める権限を作れない＝リリースする意味がない,（総合判定）,全画面（6シナリオ）,T-22,§1.2 顧客要望,6シナリオの判定表,,,,
M9 次段階（P1対象外）,P1では実装しない。実測を記録し次の優先順位を決める,J. 次段階（P1では実装しない）,AC-23,次段階,担当外店舗のデータを返さない,他店データ=0件。2店舗合計=表示合計,担当外店舗のデータが混ざる。P3（データ範囲の強制）の要否判断に使う,P3 行スコープ強制,集計／売上分析,T-11 T-23,§3.1 ④ / §8-6,T-11.png,,,,
M9 次段階（P1対象外）,P1では実装しない。実測を記録し次の優先順位を決める,J. 次段階（P1では実装しない）,AC-24,次段階,閲覧のみの権限で更新できない,保存・登録・削除=不可（値が変わらない）,閲覧のみの権限で更新できてしまう。P2の要否判断に使う,P2 操作判定,費用設定／従業員管理,T-23,§3.1 ② / §8-6,T-23.png,,,,
M9 次段階（P1対象外）,P1では実装しない。実測を記録し次の優先順位を決める,J. 次段階（P1では実装しない）,AC-25,次段階,許可していない指標を表示しない,ダッシュボード・分析画面に非許可指標=0件,許可外の指標が表示される。P4の要否判断に使う,P4 指標可視性,ダッシュボード／分析画面,T-19 T-23,§3.1 ③ / §5.5,T-19.png,,,,
M9 次段階（P1対象外）,P1では実装しない。実測を記録し次の優先順位を決める,J. 次段階（P1では実装しない）,AC-26,次段階,変更が監査ログに残る,権限の作成・割当の変更が操作ログに記録される＝記録漏れ0件（P1では実測を記録するのみ）,変更履歴が残らない。P5の要否判断に使う,P5 audit_logs,（管理画面のログ）,T-23,§6 audit_logs,T-23.png,,,,
M9 次段階（P1対象外）,P1では実装しない。実測を記録し次の優先順位を決める,J. 次段階（P1では実装しない）,AC-32,次段階,データ範囲・操作を要する権限が作れる,SC-03エリア長／SC-05閲覧のみ の2件が ◯（作れる）,データ範囲・操作を要する権限が作れない。P2/P3の前倒し判断に使う,P2／P3,全画面（SC-03／SC-05）,T-22 T-23,§1.2 顧客要望 / §8-6,T-22.png,,,,
